date,city,orders,promo,driver_online,weather
2024-01-01,Jakarta,7821,0,2567,Clear
2024-01-01,Bandung,5868,1,1301,Clear
2024-01-01,Surabaya,3371,0,1198,Rain
2024-01-02,Jakarta,5696,1,2170,Cloudy
2024-01-02,Bandung,3189,0,1469,Clear
2024-01-02,Surabaya,2630,1,1312,Rain
2024-01-03,Jakarta,5512,0,2183,Clear
2024-01-03,Bandung,2728,1,1548,Rain
2024-01-03,Surabaya,3231,0,1595,Clear
2024-01-04,Jakarta,6536,1,2532,Clear
2024-01-04,Bandung,3516,0,1290,Clear
2024-01-04,Surabaya,3089,0,1320,Clear
2024-01-05,Jakarta,6890,1,2738,Clear
2024-01-05,Bandung,3202,0,1544,Cloudy
2024-01-05,Surabaya,3592,1,1208,Clear
2024-01-06,Jakarta,8060,1,2636,Clear
2024-01-06,Bandung,4324,0,1338,Clear
2024-01-06,Surabaya,3664,0,1514,Clear
2024-01-07,Jakarta,7126,0,2548,Clear
2024-01-07,Bandung,3378,1,1436,Rain
2024-01-07,Surabaya,3255,0,1328,Cloudy
2024-01-08,Jakarta,5621,0,2565,Clear
2024-01-08,Bandung,3102,0,1328,Cloudy
2024-01-08,Surabaya,2237,0,1513,Rain
2024-01-09,Jakarta,5154,0,2058,Clear
2024-01-09,Bandung,3304,0,1416,Clear
2024-01-09,Surabaya,3497,1,1362,Cloudy
2024-01-10,Jakarta,6242,1,2248,Clear
2024-01-10,Bandung,3178,0,1560,Cloudy
2024-01-10,Surabaya,3381,1,1564,Cloudy
2024-01-11,Jakarta,4688,0,2268,Cloudy
2024-01-11,Bandung,3490,0,1643,Clear
2024-01-11,Surabaya,2943,0,1365,Clear
2024-01-12,Jakarta,5344,0,2718,Clear
2024-01-12,Bandung,3549,0,1438,Clear
2024-01-12,Surabaya,3252,1,1398,Cloudy
2024-01-13,Jakarta,8253,1,2478,Clear
2024-01-13,Bandung,4743,1,1683,Clear
2024-01-13,Surabaya,3691,0,1603,Clear
2024-01-14,Jakarta,5182,0,2211,Rain
2024-01-14,Bandung,4148,0,1560,Clear
2024-01-14,Surabaya,3656,0,1324,Clear
2024-01-15,Jakarta,5074,0,2527,Clear
2024-01-15,Bandung,3753,1,1565,Clear
2024-01-15,Surabaya,2110,0,1583,Rain
2024-01-16,Jakarta,6998,1,2705,Clear
2024-01-16,Bandung,3329,0,1642,Clear
2024-01-16,Surabaya,3930,1,1229,Clear
2024-01-17,Jakarta,6831,0,2284,Cloudy
2024-01-17,Bandung,3510,0,1674,Rain
2024-01-17,Surabaya,4003,1,1257,Rain
2024-01-18,Jakarta,4925,1,2113,Rain
2024-01-18,Bandung,4081,1,1521,Clear
2024-01-18,Surabaya,2574,1,1489,Rain
2024-01-19,Jakarta,5807,0,2507,Clear
2024-01-19,Bandung,2349,0,1317,Rain
2024-01-19,Surabaya,3632,1,1598,Clear
2024-01-20,Jakarta,6252,0,2612,Cloudy
2024-01-20,Bandung,3106,0,1362,Rain
2024-01-20,Surabaya,4381,1,1461,Clear
2024-01-21,Jakarta,6120,0,2698,Cloudy
2024-01-21,Bandung,4432,0,1467,Clear
2024-01-21,Surabaya,3435,0,1313,Cloudy
2024-01-22,Jakarta,5045,0,2162,Cloudy
2024-01-22,Bandung,2806,0,1531,Cloudy
2024-01-22,Surabaya,2246,0,1248,Rain
2024-01-23,Jakarta,5161,0,2541,Cloudy
2024-01-23,Bandung,4156,1,1639,Clear
2024-01-23,Surabaya,2800,0,1404,Cloudy
2024-01-24,Jakarta,4189,0,2545,Rain
2024-01-24,Bandung,2805,0,1444,Cloudy
2024-01-24,Surabaya,2706,1,1385,Rain
2024-01-25,Jakarta,5092,0,2061,Clear
2024-01-25,Bandung,3010,0,1332,Cloudy
2024-01-25,Surabaya,2509,1,1451,Rain
2024-01-26,Jakarta,5620,0,2429,Clear
2024-01-26,Bandung,2332,0,1507,Rain
2024-01-26,Surabaya,2506,1,1374,Rain
2024-01-27,Jakarta,7090,0,2641,Clear
2024-01-27,Bandung,4752,1,1345,Clear
2024-01-27,Surabaya,3714,0,1467,Clear
2024-01-28,Jakarta,6361,0,2439,Cloudy
2024-01-28,Bandung,5154,1,1435,Clear
2024-01-28,Surabaya,4280,1,1209,Clear
2024-01-29,Jakarta,4678,0,2381,Cloudy
2024-01-29,Bandung,3265,0,1352,Clear
2024-01-29,Surabaya,2855,0,1456,Clear
2024-01-30,Jakarta,5813,0,2402,Clear
2024-01-30,Bandung,2945,1,1306,Rain
2024-01-30,Surabaya,3117,0,1584,Clear
2024-01-31,Jakarta,5540,0,2369,Clear
2024-01-31,Bandung,3194,0,1707,Cloudy
2024-01-31,Surabaya,3411,1,1232,Clear
2024-02-01,Jakarta,5474,0,2091,Clear
2024-02-01,Bandung,3561,1,1641,Cloudy
2024-02-01,Surabaya,3347,0,1454,Clear
2024-02-02,Jakarta,3888,0,2243,Rain
2024-02-02,Bandung,2425,0,1720,Rain
2024-02-02,Surabaya,3374,0,1333,Clear
2024-02-03,Jakarta,6667,0,2580,Cloudy
2024-02-03,Bandung,4448,0,1502,Clear
2024-02-03,Surabaya,3637,0,1353,Clear
2024-02-04,Jakarta,8241,1,2269,Cloudy
2024-02-04,Bandung,3812,0,1559,Cloudy
2024-02-04,Surabaya,4105,0,1472,Clear
2024-02-05,Jakarta,4096,0,2105,Rain
2024-02-05,Bandung,3592,0,1473,Clear
2024-02-05,Surabaya,3946,1,1250,Clear
2024-02-06,Jakarta,5078,1,2100,Rain
2024-02-06,Bandung,3155,0,1592,Clear
2024-02-06,Surabaya,3091,0,1347,Clear
2024-02-07,Jakarta,5332,0,2749,Cloudy
2024-02-07,Bandung,4096,1,1624,Clear
2024-02-07,Surabaya,3153,0,1236,Clear
2024-02-08,Jakarta,5293,0,2080,Clear
2024-02-08,Bandung,3427,0,1610,Clear
2024-02-08,Surabaya,3039,0,1309,Cloudy
2024-02-09,Jakarta,6061,0,2048,Clear
2024-02-09,Bandung,3649,0,1512,Clear
2024-02-09,Surabaya,3168,0,1597,Clear
2024-02-10,Jakarta,5229,0,2367,Rain
2024-02-10,Bandung,2967,0,1295,Rain
2024-02-10,Surabaya,3656,0,1381,Cloudy
2024-02-11,Jakarta,8257,1,2373,Clear
2024-02-11,Bandung,3977,1,1713,Rain
2024-02-11,Surabaya,3014,0,1320,Rain
2024-02-12,Jakarta,5173,1,2695,Rain
2024-02-12,Bandung,3034,0,1551,Cloudy
2024-02-12,Surabaya,2652,0,1208,Cloudy
2024-02-13,Jakarta,5322,0,2750,Clear
2024-02-13,Bandung,2594,0,1711,Rain
2024-02-13,Surabaya,2765,0,1364,Cloudy
2024-02-14,Jakarta,6088,0,2625,Clear
2024-02-14,Bandung,3293,0,1621,Cloudy
2024-02-14,Surabaya,3239,1,1379,Cloudy
2024-02-15,Jakarta,5265,0,2204,Cloudy
2024-02-15,Bandung,2527,0,1326,Rain
2024-02-15,Surabaya,3334,0,1408,Clear
2024-02-16,Jakarta,4036,0,2671,Rain
2024-02-16,Bandung,4137,1,1614,Clear
2024-02-16,Surabaya,2541,1,1247,Rain
2024-02-17,Jakarta,6976,0,2322,Clear
2024-02-17,Bandung,4018,0,1506,Cloudy
2024-02-17,Surabaya,4230,0,1552,Clear
2024-02-18,Jakarta,6774,0,2394,Clear
2024-02-18,Bandung,4112,0,1496,Clear
2024-02-18,Surabaya,3239,1,1221,Rain
2024-02-19,Jakarta,6917,1,2139,Clear
2024-02-19,Bandung,3368,0,1678,Clear
2024-02-19,Surabaya,2552,1,1270,Rain
2024-02-20,Jakarta,6319,1,2167,Clear
2024-02-20,Bandung,3309,0,1367,Clear
2024-02-20,Surabaya,3308,0,1206,Clear
2024-02-21,Jakarta,5251,1,2668,Rain
2024-02-21,Bandung,4220,1,1637,Clear
2024-02-21,Surabaya,3779,1,1345,Clear
2024-02-22,Jakarta,4262,0,2373,Rain
2024-02-22,Bandung,4315,1,1596,Clear
2024-02-22,Surabaya,3130,0,1235,Clear
2024-02-23,Jakarta,6632,1,2233,Clear
2024-02-23,Bandung,3289,0,1370,Clear
2024-02-23,Surabaya,3247,0,1439,Clear
2024-02-24,Jakarta,5155,0,2102,Rain
2024-02-24,Bandung,2891,0,1469,Rain
2024-02-24,Surabaya,3990,0,1461,Clear
2024-02-25,Jakarta,6750,0,2476,Clear
2024-02-25,Bandung,4798,1,1385,Clear
2024-02-25,Surabaya,5036,1,1262,Clear
2024-02-26,Jakarta,6072,0,2335,Clear
2024-02-26,Bandung,3580,0,1711,Clear
2024-02-26,Surabaya,3536,1,1261,Cloudy
2024-02-27,Jakarta,4944,0,2451,Cloudy
2024-02-27,Bandung,2916,1,1420,Rain
2024-02-27,Surabaya,3855,1,1238,Clear
2024-02-28,Jakarta,5620,0,2151,Clear
2024-02-28,Bandung,3821,1,1426,Clear
2024-02-28,Surabaya,3313,0,1325,Clear
2024-02-29,Jakarta,5723,0,2587,Clear
2024-02-29,Bandung,3614,0,1431,Clear
2024-02-29,Surabaya,2976,0,1242,Cloudy
2024-03-01,Jakarta,6501,1,2087,Cloudy
2024-03-01,Bandung,2622,0,1337,Rain
2024-03-01,Surabaya,4050,1,1258,Clear
2024-03-02,Jakarta,5531,0,2298,Rain
2024-03-02,Bandung,4218,0,1472,Clear
2024-03-02,Surabaya,4018,0,1503,Clear
2024-03-03,Jakarta,7222,0,2316,Clear
2024-03-03,Bandung,4187,0,1327,Cloudy
2024-03-03,Surabaya,3058,0,1248,Rain
2024-03-04,Jakarta,4365,0,2683,Rain
2024-03-04,Bandung,3577,0,1386,Clear
2024-03-04,Surabaya,3407,0,1510,Clear
2024-03-05,Jakarta,6056,0,2119,Clear
2024-03-05,Bandung,3250,0,1633,Clear
2024-03-05,Surabaya,3285,0,1492,Clear
2024-03-06,Jakarta,4070,0,2221,Rain
2024-03-06,Bandung,3388,0,1537,Clear
2024-03-06,Surabaya,3257,0,1254,Clear
2024-03-07,Jakarta,6079,0,2053,Clear
2024-03-07,Bandung,3341,0,1588,Cloudy
2024-03-07,Surabaya,2852,1,1432,Rain
2024-03-08,Jakarta,6128,0,2712,Clear
2024-03-08,Bandung,4355,1,1718,Clear
2024-03-08,Surabaya,3223,0,1555,Clear
2024-03-09,Jakarta,5078,0,2079,Rain
2024-03-09,Bandung,4618,1,1425,Cloudy
2024-03-09,Surabaya,3918,0,1335,Clear
2024-03-10,Jakarta,5176,0,2201,Rain
2024-03-10,Bandung,5097,1,1499,Clear
2024-03-10,Surabaya,3728,0,1433,Cloudy
2024-03-11,Jakarta,6161,0,2168,Clear
2024-03-11,Bandung,3716,0,1313,Clear
2024-03-11,Surabaya,3341,0,1218,Clear
2024-03-12,Jakarta,5454,0,2187,Clear
2024-03-12,Bandung,3203,0,1529,Clear
2024-03-12,Surabaya,2314,0,1410,Rain
2024-03-13,Jakarta,5446,0,2151,Clear
2024-03-13,Bandung,3015,0,1442,Cloudy
2024-03-13,Surabaya,2208,0,1200,Rain
2024-03-14,Jakarta,3987,0,2059,Rain
2024-03-14,Bandung,3224,0,1283,Clear
2024-03-14,Surabaya,2686,1,1464,Rain
2024-03-15,Jakarta,7277,1,2560,Clear
2024-03-15,Bandung,2982,0,1575,Cloudy
2024-03-15,Surabaya,3000,0,1195,Clear
2024-03-16,Jakarta,8721,1,2170,Clear
2024-03-16,Bandung,4194,0,1642,Clear
2024-03-16,Surabaya,3867,0,1437,Clear
2024-03-17,Jakarta,5163,0,2437,Rain
2024-03-17,Bandung,4055,0,1618,Clear
2024-03-17,Surabaya,3826,0,1565,Cloudy
2024-03-18,Jakarta,6931,1,2233,Clear
2024-03-18,Bandung,3165,1,1337,Rain
2024-03-18,Surabaya,2814,0,1262,Cloudy
2024-03-19,Jakarta,5808,0,2124,Clear
2024-03-19,Bandung,3624,0,1568,Clear
2024-03-19,Surabaya,4102,1,1247,Clear
2024-03-20,Jakarta,5354,0,2472,Cloudy
2024-03-20,Bandung,3378,0,1463,Clear
2024-03-20,Surabaya,4002,1,1259,Clear
2024-03-21,Jakarta,5636,0,2216,Clear
2024-03-21,Bandung,3331,0,1598,Clear
2024-03-21,Surabaya,2500,0,1468,Rain
2024-03-22,Jakarta,4817,1,2062,Rain
2024-03-22,Bandung,3051,1,1498,Rain
2024-03-22,Surabaya,2994,0,1234,Clear
2024-03-23,Jakarta,5162,0,2535,Rain
2024-03-23,Bandung,4437,0,1634,Clear
2024-03-23,Surabaya,3754,0,1341,Clear
2024-03-24,Jakarta,7757,1,2724,Cloudy
2024-03-24,Bandung,4463,0,1667,Clear
2024-03-24,Surabaya,3855,0,1480,Cloudy
2024-03-25,Jakarta,6185,0,2199,Clear
2024-03-25,Bandung,4011,1,1592,Cloudy
2024-03-25,Surabaya,2973,0,1574,Clear
2024-03-26,Jakarta,5385,1,2705,Rain
2024-03-26,Bandung,3302,0,1662,Cloudy
2024-03-26,Surabaya,3262,0,1205,Clear
2024-03-27,Jakarta,7102,1,2095,Clear
2024-03-27,Bandung,3341,0,1304,Clear
2024-03-27,Surabaya,3278,0,1323,Clear
2024-03-28,Jakarta,4819,0,2207,Cloudy
2024-03-28,Bandung,3773,1,1668,Cloudy
2024-03-28,Surabaya,2851,0,1609,Cloudy
2024-03-29,Jakarta,4258,0,2385,Rain
2024-03-29,Bandung,3088,0,1620,Cloudy
2024-03-29,Surabaya,3013,0,1290,Clear
2024-03-30,Jakarta,8240,1,2253,Clear
2024-03-30,Bandung,5104,1,1719,Clear
2024-03-30,Surabaya,4305,0,1281,Clear
2024-03-31,Jakarta,6639,1,2340,Rain
2024-03-31,Bandung,3703,0,1551,Cloudy
2024-03-31,Surabaya,4486,1,1585,Cloudy
2024-04-01,Jakarta,3982,0,2206,Rain
2024-04-01,Bandung,4058,1,1625,Clear
2024-04-01,Surabaya,3455,0,1561,Clear
2024-04-02,Jakarta,6560,1,2325,Cloudy
2024-04-02,Bandung,2890,1,1642,Rain
2024-04-02,Surabaya,3275,0,1439,Clear
2024-04-03,Jakarta,5432,0,2231,Clear
2024-04-03,Bandung,3305,0,1662,Cloudy
2024-04-03,Surabaya,2317,0,1226,Rain
2024-04-04,Jakarta,6925,1,2560,Clear
2024-04-04,Bandung,3876,1,1582,Clear
2024-04-04,Surabaya,2983,0,1391,Cloudy
2024-04-05,Jakarta,5305,0,2528,Cloudy
2024-04-05,Bandung,3552,0,1633,Clear
2024-04-05,Surabaya,3098,0,1487,Cloudy
2024-04-06,Jakarta,5462,0,2485,Rain
2024-04-06,Bandung,4005,0,1667,Clear
2024-04-06,Surabaya,4581,1,1330,Cloudy
2024-04-07,Jakarta,7227,0,2639,Clear
2024-04-07,Bandung,5597,1,1552,Clear
2024-04-07,Surabaya,3550,1,1456,Rain
2024-04-08,Jakarta,5073,1,2587,Rain
2024-04-08,Bandung,3367,0,1559,Cloudy
2024-04-08,Surabaya,3010,0,1478,Clear
2024-04-09,Jakarta,5850,0,2088,Clear
2024-04-09,Bandung,3670,0,1295,Clear
2024-04-09,Surabaya,2765,0,1504,Cloudy
2024-04-10,Jakarta,4897,1,2055,Rain
2024-04-10,Bandung,3435,0,1582,Clear
2024-04-10,Surabaya,3208,0,1368,Clear
2024-04-11,Jakarta,5516,0,2539,Clear
2024-04-11,Bandung,3339,0,1569,Clear
2024-04-11,Surabaya,3778,1,1371,Cloudy
2024-04-12,Jakarta,5566,0,2326,Clear
2024-04-12,Bandung,3013,0,1677,Cloudy
2024-04-12,Surabaya,3799,1,1463,Clear
2024-04-13,Jakarta,6232,0,2737,Cloudy
2024-04-13,Bandung,4154,0,1621,Cloudy
2024-04-13,Surabaya,2720,0,1245,Rain
2024-04-14,Jakarta,6543,0,2613,Cloudy
2024-04-14,Bandung,5139,1,1583,Clear
2024-04-14,Surabaya,4095,0,1216,Clear
2024-04-15,Jakarta,5733,0,2263,Clear
2024-04-15,Bandung,4144,1,1451,Clear
2024-04-15,Surabaya,2985,1,1481,Rain
2024-04-16,Jakarta,4721,1,2385,Rain
2024-04-16,Bandung,3464,0,1339,Clear
2024-04-16,Surabaya,2167,0,1425,Rain
2024-04-17,Jakarta,5636,0,2103,Clear
2024-04-17,Bandung,3913,1,1453,Clear
2024-04-17,Surabaya,2239,0,1526,Rain
2024-04-18,Jakarta,7158,1,2498,Clear
2024-04-18,Bandung,3487,0,1298,Clear
2024-04-18,Surabaya,2465,0,1489,Rain
2024-04-19,Jakarta,6139,0,2097,Clear
2024-04-19,Bandung,3544,0,1478,Clear
2024-04-19,Surabaya,3006,0,1224,Clear
2024-04-20,Jakarta,8273,1,2667,Clear
2024-04-20,Bandung,4120,0,1356,Cloudy
2024-04-20,Surabaya,3043,0,1423,Rain
2024-04-21,Jakarta,7392,0,2741,Clear
2024-04-21,Bandung,4005,0,1307,Clear
2024-04-21,Surabaya,4189,0,1554,Clear
2024-04-22,Jakarta,4113,0,2289,Rain
2024-04-22,Bandung,3827,1,1665,Cloudy
2024-04-22,Surabaya,3427,0,1394,Clear
2024-04-23,Jakarta,5327,0,2239,Cloudy
2024-04-23,Bandung,3859,1,1555,Cloudy
2024-04-23,Surabaya,3007,1,1490,Rain
2024-04-24,Jakarta,6576,1,2739,Clear
2024-04-24,Bandung,3336,0,1386,Cloudy
2024-04-24,Surabaya,3282,0,1340,Clear
2024-04-25,Jakarta,5551,0,2737,Clear
2024-04-25,Bandung,2371,0,1623,Rain
2024-04-25,Surabaya,2739,0,1289,Cloudy
2024-04-26,Jakarta,6078,0,2282,Clear
2024-04-26,Bandung,4295,1,1552,Clear
2024-04-26,Surabaya,4027,1,1205,Clear
2024-04-27,Jakarta,5506,0,2647,Rain
2024-04-27,Bandung,2954,0,1367,Rain
2024-04-27,Surabaya,5189,1,1413,Clear
2024-04-28,Jakarta,9263,1,2365,Clear
2024-04-28,Bandung,4087,0,1293,Clear
2024-04-28,Surabaya,3940,0,1192,Cloudy
2024-04-29,Jakarta,4210,0,2367,Rain
2024-04-29,Bandung,3204,0,1337,Clear
2024-04-29,Surabaya,3323,0,1274,Clear
2024-04-30,Jakarta,6243,1,2524,Cloudy
2024-04-30,Bandung,3984,1,1586,Cloudy
2024-04-30,Surabaya,2995,0,1398,Cloudy
2024-05-01,Jakarta,5576,0,2061,Cloudy
2024-05-01,Bandung,2567,0,1372,Rain
2024-05-01,Surabaya,3294,0,1234,Clear
2024-05-02,Jakarta,6166,1,2743,Cloudy
2024-05-02,Bandung,3249,0,1530,Cloudy
2024-05-02,Surabaya,2999,0,1327,Cloudy
2024-05-03,Jakarta,5162,0,2614,Cloudy
2024-05-03,Bandung,3458,1,1520,Cloudy
2024-05-03,Surabaya,3313,0,1356,Clear
2024-05-04,Jakarta,7027,0,2211,Clear
2024-05-04,Bandung,5303,1,1546,Clear
2024-05-04,Surabaya,3091,0,1349,Rain
2024-05-05,Jakarta,6990,0,2058,Clear
2024-05-05,Bandung,4326,0,1536,Clear
2024-05-05,Surabaya,3023,0,1531,Rain
2024-05-06,Jakarta,5766,1,2180,Cloudy
2024-05-06,Bandung,2675,0,1384,Rain
2024-05-06,Surabaya,3008,0,1337,Clear
2024-05-07,Jakarta,6673,1,2245,Clear
2024-05-07,Bandung,3185,0,1415,Cloudy
2024-05-07,Surabaya,2634,1,1363,Rain
2024-05-08,Jakarta,5761,0,2170,Clear
2024-05-08,Bandung,2887,1,1530,Rain
2024-05-08,Surabaya,2944,0,1528,Cloudy
2024-05-09,Jakarta,5831,0,2725,Clear
2024-05-09,Bandung,2985,0,1377,Cloudy
2024-05-09,Surabaya,2486,0,1542,Rain
2024-05-10,Jakarta,6637,1,2601,Clear
2024-05-10,Bandung,2927,0,1575,Cloudy
2024-05-10,Surabaya,2212,0,1436,Rain
2024-05-11,Jakarta,4879,0,2196,Rain
2024-05-11,Bandung,4335,0,1548,Clear
2024-05-11,Surabaya,4014,0,1439,Clear
2024-05-12,Jakarta,7704,1,2540,Cloudy
2024-05-12,Bandung,4641,0,1586,Clear
2024-05-12,Surabaya,4880,1,1494,Clear
2024-05-13,Jakarta,7320,1,2101,Clear
2024-05-13,Bandung,3363,0,1376,Clear
2024-05-13,Surabaya,3367,0,1218,Clear
2024-05-14,Jakarta,5876,0,2673,Clear
2024-05-14,Bandung,3536,0,1424,Clear
2024-05-14,Surabaya,3029,0,1424,Cloudy
2024-05-15,Jakarta,7389,1,2444,Clear
2024-05-15,Bandung,3462,0,1365,Clear
2024-05-15,Surabaya,3134,0,1507,Clear
2024-05-16,Jakarta,3996,0,2707,Rain
2024-05-16,Bandung,4413,1,1721,Clear
2024-05-16,Surabaya,3276,0,1408,Clear
2024-05-17,Jakarta,6037,0,2131,Clear
2024-05-17,Bandung,2425,0,1291,Rain
2024-05-17,Surabaya,3438,0,1226,Clear
2024-05-18,Jakarta,5172,0,2325,Rain
2024-05-18,Bandung,3128,0,1688,Rain
2024-05-18,Surabaya,3903,0,1277,Cloudy
2024-05-19,Jakarta,7606,0,2314,Clear
2024-05-19,Bandung,3790,0,1630,Cloudy
2024-05-19,Surabaya,4141,0,1262,Clear
2024-05-20,Jakarta,6034,0,2501,Clear
2024-05-20,Bandung,3435,0,1690,Clear
2024-05-20,Surabaya,2337,0,1263,Rain
2024-05-21,Jakarta,6410,1,2304,Clear
2024-05-21,Bandung,4164,1,1708,Clear
2024-05-21,Surabaya,2924,0,1320,Cloudy
2024-05-22,Jakarta,6572,1,2501,Clear
2024-05-22,Bandung,2328,0,1343,Rain
2024-05-22,Surabaya,2522,0,1214,Rain
2024-05-23,Jakarta,5498,0,2748,Clear
2024-05-23,Bandung,3867,1,1411,Clear
2024-05-23,Surabaya,3027,1,1403,Rain
2024-05-24,Jakarta,5319,0,2260,Cloudy
2024-05-24,Bandung,3655,0,1333,Clear
2024-05-24,Surabaya,3803,1,1344,Clear
2024-05-25,Jakarta,6010,0,2593,Cloudy
2024-05-25,Bandung,4138,0,1283,Clear
2024-05-25,Surabaya,3345,1,1414,Rain
2024-05-26,Jakarta,9022,1,2742,Clear
2024-05-26,Bandung,3942,0,1324,Cloudy
2024-05-26,Surabaya,4009,0,1231,Clear
2024-05-27,Jakarta,5716,0,2570,Clear
2024-05-27,Bandung,3599,0,1481,Clear
2024-05-27,Surabaya,2834,0,1520,Cloudy
2024-05-28,Jakarta,4400,0,2223,Rain
2024-05-28,Bandung,3518,0,1482,Clear
2024-05-28,Surabaya,2379,0,1457,Rain
2024-05-29,Jakarta,5956,0,2148,Clear
2024-05-29,Bandung,3214,0,1293,Clear
2024-05-29,Surabaya,2585,1,1219,Rain
2024-05-30,Jakarta,5046,0,2294,Cloudy
2024-05-30,Bandung,3269,0,1572,Clear
2024-05-30,Surabaya,4019,1,1467,Clear
2024-05-31,Jakarta,7401,1,2099,Clear
2024-05-31,Bandung,3377,0,1556,Clear
2024-05-31,Surabaya,4025,1,1448,Clear
2024-06-01,Jakarta,5509,0,2070,Rain
2024-06-01,Bandung,3750,1,1715,Rain
2024-06-01,Surabaya,2941,0,1530,Rain
2024-06-02,Jakarta,6736,0,2708,Clear
2024-06-02,Bandung,4304,0,1472,Clear
2024-06-02,Surabaya,4096,1,1241,Cloudy
2024-06-03,Jakarta,5384,0,2245,Cloudy
2024-06-03,Bandung,2953,0,1688,Cloudy
2024-06-03,Surabaya,2379,0,1543,Rain
2024-06-04,Jakarta,4129,0,2167,Rain
2024-06-04,Bandung,2910,0,1294,Cloudy
2024-06-04,Surabaya,3012,0,1533,Clear
2024-06-05,Jakarta,5675,0,2567,Clear
2024-06-05,Bandung,2485,0,1408,Rain
2024-06-05,Surabaya,2391,0,1457,Rain
2024-06-06,Jakarta,5409,0,2046,Clear
2024-06-06,Bandung,2421,0,1319,Rain
2024-06-06,Surabaya,3572,1,1423,Cloudy
2024-06-07,Jakarta,5143,1,2295,Rain
2024-06-07,Bandung,2732,1,1617,Rain
2024-06-07,Surabaya,2696,1,1592,Rain
2024-06-08,Jakarta,8965,1,2260,Clear
2024-06-08,Bandung,3980,0,1476,Cloudy
2024-06-08,Surabaya,3537,0,1354,Cloudy
2024-06-09,Jakarta,6007,1,2486,Rain
2024-06-09,Bandung,3678,1,1539,Rain
2024-06-09,Surabaya,3477,1,1433,Rain
2024-06-10,Jakarta,4300,0,2527,Rain
2024-06-10,Bandung,3153,0,1499,Clear
2024-06-10,Surabaya,3261,0,1519,Clear
2024-06-11,Jakarta,3868,0,2356,Rain
2024-06-11,Bandung,3231,0,1314,Clear
2024-06-11,Surabaya,2455,0,1609,Rain
2024-06-12,Jakarta,4287,0,2498,Rain
2024-06-12,Bandung,3319,0,1652,Clear
2024-06-12,Surabaya,2245,0,1267,Rain
2024-06-13,Jakarta,7124,1,2057,Clear
2024-06-13,Bandung,3620,0,1409,Clear
2024-06-13,Surabaya,3329,0,1556,Clear
2024-06-14,Jakarta,5622,0,2369,Clear
2024-06-14,Bandung,4056,1,1602,Clear
2024-06-14,Surabaya,2984,0,1511,Clear
2024-06-15,Jakarta,6304,1,2580,Rain
2024-06-15,Bandung,4451,1,1300,Cloudy
2024-06-15,Surabaya,4545,1,1570,Clear
2024-06-16,Jakarta,7358,0,2363,Clear
2024-06-16,Bandung,3932,0,1290,Clear
2024-06-16,Surabaya,4243,1,1413,Cloudy
2024-06-17,Jakarta,5785,0,2055,Clear
2024-06-17,Bandung,2854,0,1696,Cloudy
2024-06-17,Surabaya,4080,1,1496,Clear
2024-06-18,Jakarta,5696,0,2182,Clear
2024-06-18,Bandung,3301,0,1548,Clear
2024-06-18,Surabaya,3637,1,1284,Clear
2024-06-19,Jakarta,4809,0,2416,Cloudy
2024-06-19,Bandung,3177,0,1305,Cloudy
2024-06-19,Surabaya,3779,1,1382,Clear
2024-06-20,Jakarta,5789,0,2651,Clear
2024-06-20,Bandung,3407,0,1567,Clear
2024-06-20,Surabaya,3136,0,1528,Clear
2024-06-21,Jakarta,5419,0,2184,Clear
2024-06-21,Bandung,3392,0,1615,Clear
2024-06-21,Surabaya,3344,0,1559,Clear
2024-06-22,Jakarta,7353,0,2749,Clear
2024-06-22,Bandung,5405,1,1483,Clear
2024-06-22,Surabaya,4045,0,1234,Clear
2024-06-23,Jakarta,6882,0,2598,Cloudy
2024-06-23,Bandung,4426,0,1404,Clear
2024-06-23,Surabaya,2822,0,1525,Rain
2024-06-24,Jakarta,5285,0,2153,Cloudy
2024-06-24,Bandung,2619,0,1660,Rain
2024-06-24,Surabaya,3006,0,1249,Clear
2024-06-25,Jakarta,5323,0,2511,Clear
2024-06-25,Bandung,3589,0,1312,Clear
2024-06-25,Surabaya,2832,0,1596,Cloudy
2024-06-26,Jakarta,4851,0,2496,Cloudy
2024-06-26,Bandung,2835,0,1348,Cloudy
2024-06-26,Surabaya,2439,0,1492,Rain
2024-06-27,Jakarta,5960,0,2174,Clear
2024-06-27,Bandung,2983,0,1594,Cloudy
2024-06-27,Surabaya,3085,0,1382,Clear
2024-06-28,Jakarta,5343,0,2281,Clear
2024-06-28,Bandung,2357,0,1320,Rain
2024-06-28,Surabaya,3282,0,1379,Clear
2024-06-29,Jakarta,5404,0,2293,Rain
2024-06-29,Bandung,3975,0,1560,Clear
2024-06-29,Surabaya,2672,0,1478,Rain
2024-06-30,Jakarta,7426,0,2203,Clear
2024-06-30,Bandung,4236,0,1587,Clear
2024-06-30,Surabaya,4586,1,1203,Clear
2024-07-01,Jakarta,4170,0,2667,Rain
2024-07-01,Bandung,2556,0,1392,Rain
2024-07-01,Surabaya,2221,0,1236,Rain
2024-07-02,Jakarta,5394,0,2433,Clear
2024-07-02,Bandung,3336,1,1465,Cloudy
2024-07-02,Surabaya,2368,0,1307,Rain
2024-07-03,Jakarta,5768,0,2582,Clear
2024-07-03,Bandung,3196,0,1602,Clear
2024-07-03,Surabaya,3151,1,1556,Cloudy
2024-07-04,Jakarta,3834,0,2109,Rain
2024-07-04,Bandung,3351,0,1410,Clear
2024-07-04,Surabaya,3428,1,1502,Clear
2024-07-05,Jakarta,5074,0,2520,Cloudy
2024-07-05,Bandung,3449,1,1310,Cloudy
2024-07-05,Surabaya,2901,1,1434,Rain
2024-07-06,Jakarta,6581,0,2085,Cloudy
2024-07-06,Bandung,3835,1,1317,Rain
2024-07-06,Surabaya,2832,0,1559,Rain
2024-07-07,Jakarta,6803,0,2268,Clear
2024-07-07,Bandung,2972,0,1676,Rain
2024-07-07,Surabaya,2890,0,1438,Rain
2024-07-08,Jakarta,5398,0,2115,Clear
2024-07-08,Bandung,3353,0,1702,Clear
2024-07-08,Surabaya,2086,0,1456,Rain
2024-07-09,Jakarta,5100,0,2380,Clear
2024-07-09,Bandung,3853,1,1712,Clear
2024-07-09,Surabaya,3566,1,1446,Clear
2024-07-10,Jakarta,5066,0,2043,Clear
2024-07-10,Bandung,3857,1,1323,Clear
2024-07-10,Surabaya,2707,0,1405,Cloudy
2024-07-11,Jakarta,5093,0,2102,Cloudy
2024-07-11,Bandung,3497,0,1503,Clear
2024-07-11,Surabaya,2898,0,1606,Clear
2024-07-12,Jakarta,5421,0,2343,Clear
2024-07-12,Bandung,2908,0,1548,Cloudy
2024-07-12,Surabaya,2576,0,1534,Cloudy
2024-07-13,Jakarta,5577,1,2225,Rain
2024-07-13,Bandung,2944,0,1326,Rain
2024-07-13,Surabaya,3800,0,1240,Clear
2024-07-14,Jakarta,5860,1,2097,Rain
2024-07-14,Bandung,3667,0,1580,Cloudy
2024-07-14,Surabaya,3582,1,1457,Rain
2024-07-15,Jakarta,3757,0,2561,Rain
2024-07-15,Bandung,3393,1,1515,Cloudy
2024-07-15,Surabaya,3073,0,1313,Clear
2024-07-16,Jakarta,4845,1,2128,Rain
2024-07-16,Bandung,3482,0,1568,Clear
2024-07-16,Surabaya,2159,0,1472,Rain
2024-07-17,Jakarta,5762,0,2361,Clear
2024-07-17,Bandung,2966,0,1687,Cloudy
2024-07-17,Surabaya,3129,0,1345,Clear
2024-07-18,Jakarta,3786,0,2309,Rain
2024-07-18,Bandung,3862,1,1675,Clear
2024-07-18,Surabaya,3776,1,1461,Clear
2024-07-19,Jakarta,6400,1,2334,Clear
2024-07-19,Bandung,2291,0,1439,Rain
2024-07-19,Surabaya,2638,0,1479,Cloudy
2024-07-20,Jakarta,8862,1,2403,Clear
2024-07-20,Bandung,4861,1,1288,Clear
2024-07-20,Surabaya,4589,1,1507,Clear
2024-07-21,Jakarta,7376,0,2123,Clear
2024-07-21,Bandung,4340,0,1546,Clear
2024-07-21,Surabaya,4125,1,1593,Cloudy
2024-07-22,Jakarta,5195,0,2429,Clear
2024-07-22,Bandung,2528,0,1617,Rain
2024-07-22,Surabaya,2929,0,1298,Clear
2024-07-23,Jakarta,5910,0,2234,Clear
2024-07-23,Bandung,2261,0,1536,Rain
2024-07-23,Surabaya,3031,0,1395,Clear
2024-07-24,Jakarta,5055,0,2488,Cloudy
2024-07-24,Bandung,2667,1,1452,Rain
2024-07-24,Surabaya,3308,0,1285,Clear
2024-07-25,Jakarta,5295,0,2424,Cloudy
2024-07-25,Bandung,3455,0,1331,Clear
2024-07-25,Surabaya,2906,0,1586,Clear
2024-07-26,Jakarta,5819,0,2388,Clear
2024-07-26,Bandung,2286,0,1403,Rain
2024-07-26,Surabaya,2237,0,1404,Rain
2024-07-27,Jakarta,4926,0,2746,Rain
2024-07-27,Bandung,4023,0,1533,Cloudy
2024-07-27,Surabaya,4575,1,1548,Clear
2024-07-28,Jakarta,6633,0,2084,Cloudy
2024-07-28,Bandung,4406,0,1556,Clear
2024-07-28,Surabaya,3987,0,1478,Clear
2024-07-29,Jakarta,4691,1,2255,Rain
2024-07-29,Bandung,3863,1,1369,Cloudy
2024-07-29,Surabaya,3241,0,1474,Clear
2024-07-30,Jakarta,6952,1,2571,Clear
2024-07-30,Bandung,3003,1,1614,Rain
2024-07-30,Surabaya,2280,0,1545,Rain
2024-07-31,Jakarta,5418,0,2095,Clear
2024-07-31,Bandung,3713,1,1431,Clear
2024-07-31,Surabaya,3003,0,1220,Cloudy
2024-08-01,Jakarta,9009,1,2095,Clear
2024-08-01,Bandung,3052,0,1297,Rain
2024-08-01,Surabaya,4868,1,1287,Clear
2024-08-02,Jakarta,5191,0,2331,Cloudy
2024-08-02,Bandung,3289,0,1376,Clear
2024-08-02,Surabaya,2794,0,1340,Cloudy
2024-08-03,Jakarta,6648,0,2402,Clear
2024-08-03,Bandung,3010,0,1307,Rain
2024-08-03,Surabaya,3936,0,1535,Clear
2024-08-04,Jakarta,5089,0,2142,Rain
2024-08-04,Bandung,3786,0,1402,Clear
2024-08-04,Surabaya,3180,1,1504,Rain
2024-08-05,Jakarta,5170,0,2073,Clear
2024-08-05,Bandung,2585,1,1652,Rain
2024-08-05,Surabaya,2811,0,1322,Clear
2024-08-06,Jakarta,6242,1,2646,Clear
2024-08-06,Bandung,2493,0,1470,Rain
2024-08-06,Surabaya,3092,0,1227,Clear
2024-08-07,Jakarta,5537,0,2495,Clear
2024-08-07,Bandung,3963,1,1595,Clear
2024-08-07,Surabaya,2818,0,1589,Cloudy
2024-08-08,Jakarta,6583,1,2602,Clear
2024-08-08,Bandung,3217,0,1705,Clear
2024-08-08,Surabaya,2939,0,1277,Clear
2024-08-09,Jakarta,6349,1,2592,Clear
2024-08-09,Bandung,2998,0,1370,Cloudy
2024-08-09,Surabaya,3088,0,1280,Clear
2024-08-10,Jakarta,5991,1,2138,Rain
2024-08-10,Bandung,2875,0,1565,Rain
2024-08-10,Surabaya,3164,1,1563,Rain
2024-08-11,Jakarta,8064,1,2120,Clear
2024-08-11,Bandung,3944,0,1281,Clear
2024-08-11,Surabaya,4442,1,1242,Clear
2024-08-12,Jakarta,5444,0,2422,Clear
2024-08-12,Bandung,3227,0,1708,Clear
2024-08-12,Surabaya,2279,0,1515,Rain
2024-08-13,Jakarta,4948,0,2130,Clear
2024-08-13,Bandung,2252,0,1329,Rain
2024-08-13,Surabaya,3613,1,1514,Clear
2024-08-14,Jakarta,5190,0,2040,Clear
2024-08-14,Bandung,2161,0,1656,Rain
2024-08-14,Surabaya,2711,0,1517,Cloudy
2024-08-15,Jakarta,5129,0,2087,Clear
2024-08-15,Bandung,3204,0,1611,Clear
2024-08-15,Surabaya,3140,0,1585,Clear
2024-08-16,Jakarta,4543,0,2733,Cloudy
2024-08-16,Bandung,3639,1,1363,Clear
2024-08-16,Surabaya,2060,0,1432,Rain
2024-08-17,Jakarta,8768,0,2319,Cloudy
2024-08-17,Bandung,5441,0,1687,Clear
2024-08-17,Surabaya,4887,0,1487,Clear
2024-08-18,Jakarta,7976,1,2494,Clear
2024-08-18,Bandung,3855,0,1513,Clear
2024-08-18,Surabaya,3618,0,1222,Clear
2024-08-19,Jakarta,4822,0,2433,Cloudy
2024-08-19,Bandung,3681,1,1475,Clear
2024-08-19,Surabaya,3143,0,1602,Clear
2024-08-20,Jakarta,5566,1,2731,Cloudy
2024-08-20,Bandung,3150,0,1595,Cloudy
2024-08-20,Surabaya,2660,1,1373,Rain
2024-08-21,Jakarta,5096,0,2746,Clear
2024-08-21,Bandung,2512,0,1699,Rain
2024-08-21,Surabaya,2840,0,1508,Clear
2024-08-22,Jakarta,5483,0,2218,Clear
2024-08-22,Bandung,2930,1,1529,Rain
2024-08-22,Surabaya,3521,1,1193,Clear
2024-08-23,Jakarta,5589,1,2496,Cloudy
2024-08-23,Bandung,3009,0,1602,Clear
2024-08-23,Surabaya,3697,1,1391,Clear
2024-08-24,Jakarta,8583,1,2326,Clear
2024-08-24,Bandung,4297,1,1617,Cloudy
2024-08-24,Surabaya,4024,0,1575,Clear
2024-08-25,Jakarta,4680,0,2607,Rain
2024-08-25,Bandung,2803,0,1570,Rain
2024-08-25,Surabaya,3757,0,1232,Clear
2024-08-26,Jakarta,6100,1,2065,Clear
2024-08-26,Bandung,3555,1,1702,Cloudy
2024-08-26,Surabaya,3127,0,1407,Clear
2024-08-27,Jakarta,5745,0,2683,Clear
2024-08-27,Bandung,2913,0,1626,Cloudy
2024-08-27,Surabaya,3422,1,1438,Clear
2024-08-28,Jakarta,4994,0,2189,Clear
2024-08-28,Bandung,3170,0,1503,Clear
2024-08-28,Surabaya,2814,0,1329,Cloudy
2024-08-29,Jakarta,4134,0,2149,Rain
2024-08-29,Bandung,3575,1,1466,Clear
2024-08-29,Surabaya,2962,0,1190,Clear
2024-08-30,Jakarta,6153,1,2740,Clear
2024-08-30,Bandung,2960,0,1378,Clear
2024-08-30,Surabaya,2240,0,1284,Rain
2024-08-31,Jakarta,4721,0,2344,Rain
2024-08-31,Bandung,3816,0,1642,Clear
2024-08-31,Surabaya,4044,0,1528,Clear
2024-09-01,Jakarta,4906,0,2465,Rain
2024-09-01,Bandung,3736,0,1594,Clear
2024-09-01,Surabaya,2482,0,1589,Rain
2024-09-02,Jakarta,5442,0,2253,Clear
2024-09-02,Bandung,2759,1,1506,Rain
2024-09-02,Surabaya,3039,0,1537,Clear
2024-09-03,Jakarta,3945,0,2703,Rain
2024-09-03,Bandung,2408,0,1398,Rain
2024-09-03,Surabaya,3172,0,1330,Clear
2024-09-04,Jakarta,4831,0,2563,Cloudy
2024-09-04,Bandung,2715,0,1446,Cloudy
2024-09-04,Surabaya,1980,0,1351,Rain
2024-09-05,Jakarta,6172,1,2546,Cloudy
2024-09-05,Bandung,3980,1,1592,Clear
2024-09-05,Surabaya,2948,0,1211,Clear
2024-09-06,Jakarta,4010,0,2169,Rain
2024-09-06,Bandung,2430,0,1334,Rain
2024-09-06,Surabaya,3121,0,1311,Clear
2024-09-07,Jakarta,4879,0,2220,Rain
2024-09-07,Bandung,2646,0,1682,Rain
2024-09-07,Surabaya,3105,1,1420,Rain
2024-09-08,Jakarta,6402,0,2487,Clear
2024-09-08,Bandung,3000,0,1305,Rain
2024-09-08,Surabaya,3584,0,1477,Clear
2024-09-09,Jakarta,5381,0,2720,Clear
2024-09-09,Bandung,2266,0,1364,Rain
2024-09-09,Surabaya,2479,1,1306,Rain
2024-09-10,Jakarta,5277,0,2088,Clear
2024-09-10,Bandung,3108,0,1325,Clear
2024-09-10,Surabaya,2090,0,1367,Rain
2024-09-11,Jakarta,6297,1,2187,Clear
2024-09-11,Bandung,4072,1,1570,Clear
2024-09-11,Surabaya,2757,1,1221,Rain
2024-09-12,Jakarta,6439,1,2471,Clear
2024-09-12,Bandung,2960,1,1281,Rain
2024-09-12,Surabaya,2998,0,1486,Clear
2024-09-13,Jakarta,6684,1,2470,Clear
2024-09-13,Bandung,3689,1,1344,Cloudy
2024-09-13,Surabaya,2173,0,1275,Rain
2024-09-14,Jakarta,4412,0,2333,Rain
2024-09-14,Bandung,3696,1,1477,Rain
2024-09-14,Surabaya,3784,0,1269,Clear
2024-09-15,Jakarta,7098,1,2045,Cloudy
2024-09-15,Bandung,3904,0,1686,Clear
2024-09-15,Surabaya,3393,0,1493,Clear
2024-09-16,Jakarta,3668,0,2499,Rain
2024-09-16,Bandung,2921,1,1364,Rain
2024-09-16,Surabaya,2454,1,1294,Rain
2024-09-17,Jakarta,6272,1,2085,Clear
2024-09-17,Bandung,2142,0,1577,Rain
2024-09-17,Surabaya,2817,0,1528,Cloudy
2024-09-18,Jakarta,4872,0,2184,Cloudy
2024-09-18,Bandung,2137,0,1509,Rain
2024-09-18,Surabaya,2964,0,1435,Clear
2024-09-19,Jakarta,5401,0,2684,Clear
2024-09-19,Bandung,2203,0,1558,Rain
2024-09-19,Surabaya,2194,0,1375,Rain
2024-09-20,Jakarta,5549,1,2633,Cloudy
2024-09-20,Bandung,3790,1,1410,Clear
2024-09-20,Surabaya,2760,0,1579,Clear
2024-09-21,Jakarta,4599,0,2511,Rain
2024-09-21,Bandung,4497,1,1306,Clear
2024-09-21,Surabaya,2758,0,1531,Rain
2024-09-22,Jakarta,7576,1,2263,Clear
2024-09-22,Bandung,3854,0,1435,Clear
2024-09-22,Surabaya,3570,0,1319,Cloudy
2024-09-23,Jakarta,4787,0,2295,Cloudy
2024-09-23,Bandung,2820,0,1321,Cloudy
2024-09-23,Surabaya,2266,0,1271,Rain
2024-09-24,Jakarta,3978,0,2658,Rain
2024-09-24,Bandung,3244,0,1347,Clear
2024-09-24,Surabaya,2766,0,1286,Clear
2024-09-25,Jakarta,6549,1,2557,Clear
2024-09-25,Bandung,3497,1,1312,Clear
2024-09-25,Surabaya,2877,0,1291,Clear
2024-09-26,Jakarta,6423,1,2413,Clear
2024-09-26,Bandung,3627,1,1450,Clear
2024-09-26,Surabaya,2973,0,1448,Clear
2024-09-27,Jakarta,5427,0,2429,Clear
2024-09-27,Bandung,2716,1,1500,Rain
2024-09-27,Surabaya,2513,0,1413,Cloudy
2024-09-28,Jakarta,5412,1,2282,Rain
2024-09-28,Bandung,3662,1,1451,Rain
2024-09-28,Surabaya,3399,0,1366,Clear
2024-09-29,Jakarta,5795,1,2381,Rain
2024-09-29,Bandung,2645,0,1388,Rain
2024-09-29,Surabaya,2816,0,1541,Rain
2024-09-30,Jakarta,5006,0,2280,Cloudy
2024-09-30,Bandung,4020,1,1659,Clear
2024-09-30,Surabaya,3707,1,1352,Clear
2024-10-01,Jakarta,6044,1,2088,Cloudy
2024-10-01,Bandung,2917,0,1710,Clear
2024-10-01,Surabaya,2677,1,1347,Rain
2024-10-02,Jakarta,5075,0,2442,Clear
2024-10-02,Bandung,2918,0,1442,Clear
2024-10-02,Surabaya,2999,0,1493,Clear
2024-10-03,Jakarta,4677,1,2196,Rain
2024-10-03,Bandung,3926,1,1637,Clear
2024-10-03,Surabaya,3558,1,1511,Clear
2024-10-04,Jakarta,3810,0,2618,Rain
2024-10-04,Bandung,3256,0,1554,Clear
2024-10-04,Surabaya,3651,1,1563,Clear
2024-10-05,Jakarta,6083,0,2469,Cloudy
2024-10-05,Bandung,3366,0,1559,Cloudy
2024-10-05,Surabaya,3483,0,1303,Clear
2024-10-06,Jakarta,7743,1,2194,Clear
2024-10-06,Bandung,3321,0,1359,Cloudy
2024-10-06,Surabaya,2727,0,1535,Rain
2024-10-07,Jakarta,4387,1,2538,Rain
2024-10-07,Bandung,2744,0,1421,Cloudy
2024-10-07,Surabaya,2970,0,1281,Clear
2024-10-08,Jakarta,5457,0,2626,Clear
2024-10-08,Bandung,2823,1,1314,Rain
2024-10-08,Surabaya,2813,0,1203,Clear
2024-10-09,Jakarta,5272,0,2215,Clear
2024-10-09,Bandung,3334,0,1420,Clear
2024-10-09,Surabaya,2871,0,1568,Cloudy
2024-10-10,Jakarta,4808,0,2219,Cloudy
2024-10-10,Bandung,3657,1,1724,Clear
2024-10-10,Surabaya,2297,0,1550,Rain
2024-10-11,Jakarta,5898,1,2336,Clear
2024-10-11,Bandung,3168,0,1627,Clear
2024-10-11,Surabaya,2698,0,1287,Clear
2024-10-12,Jakarta,4399,0,2588,Rain
2024-10-12,Bandung,3633,0,1528,Cloudy
2024-10-12,Surabaya,3586,0,1433,Cloudy
2024-10-13,Jakarta,4665,0,2549,Rain
2024-10-13,Bandung,4187,0,1692,Clear
2024-10-13,Surabaya,3947,0,1278,Clear
2024-10-14,Jakarta,4913,0,2619,Cloudy
2024-10-14,Bandung,2812,1,1479,Rain
2024-10-14,Surabaya,2014,0,1585,Rain
2024-10-15,Jakarta,5349,0,2541,Clear
2024-10-15,Bandung,3821,1,1561,Clear
2024-10-15,Surabaya,3004,0,1381,Clear
2024-10-16,Jakarta,5954,1,2053,Cloudy
2024-10-16,Bandung,2390,0,1652,Rain
2024-10-16,Surabaya,2618,0,1395,Cloudy
2024-10-17,Jakarta,5577,0,2239,Clear
2024-10-17,Bandung,2116,0,1434,Rain
2024-10-17,Surabaya,2976,0,1225,Clear
2024-10-18,Jakarta,4530,0,2514,Cloudy
2024-10-18,Bandung,2958,0,1363,Cloudy
2024-10-18,Surabaya,2705,0,1608,Clear
2024-10-19,Jakarta,5904,0,2740,Cloudy
2024-10-19,Bandung,3978,1,1425,Cloudy
2024-10-19,Surabaya,3557,0,1548,Cloudy
2024-10-20,Jakarta,6229,0,2091,Clear
2024-10-20,Bandung,3668,0,1395,Clear
2024-10-20,Surabaya,4571,1,1598,Clear
2024-10-21,Jakarta,4976,0,2240,Cloudy
2024-10-21,Bandung,3539,1,1379,Clear
2024-10-21,Surabaya,2721,0,1473,Clear
2024-10-22,Jakarta,5093,0,2145,Clear
2024-10-22,Bandung,3411,1,1312,Cloudy
2024-10-22,Surabaya,2756,0,1527,Clear
2024-10-23,Jakarta,3875,0,2143,Rain
2024-10-23,Bandung,3114,0,1312,Clear
2024-10-23,Surabaya,2887,0,1213,Clear
2024-10-24,Jakarta,5364,0,2453,Clear
2024-10-24,Bandung,2293,0,1416,Rain
2024-10-24,Surabaya,2605,0,1563,Cloudy
2024-10-25,Jakarta,5218,0,2573,Clear
2024-10-25,Bandung,3315,0,1437,Clear
2024-10-25,Surabaya,3048,0,1380,Clear
2024-10-26,Jakarta,7430,1,2725,Clear
2024-10-26,Bandung,2916,0,1495,Rain
2024-10-26,Surabaya,3752,0,1346,Clear
2024-10-27,Jakarta,6299,0,2173,Clear
2024-10-27,Bandung,4541,1,1646,Clear
2024-10-27,Surabaya,3135,0,1429,Cloudy
2024-10-28,Jakarta,4879,0,2304,Clear
2024-10-28,Bandung,2161,0,1633,Rain
2024-10-28,Surabaya,2706,1,1281,Rain
2024-10-29,Jakarta,6641,1,2040,Clear
2024-10-29,Bandung,2153,0,1612,Rain
2024-10-29,Surabaya,2919,0,1229,Clear
2024-10-30,Jakarta,5433,1,2249,Cloudy
2024-10-30,Bandung,3118,0,1485,Clear
2024-10-30,Surabaya,2524,1,1394,Rain
2024-10-31,Jakarta,3737,0,2594,Rain
2024-10-31,Bandung,3258,1,1288,Cloudy
2024-10-31,Surabaya,3118,0,1448,Clear
2024-11-01,Jakarta,4870,0,2076,Clear
2024-11-01,Bandung,2171,0,1652,Rain
2024-11-01,Surabaya,2734,0,1289,Clear
2024-11-02,Jakarta,5539,1,2477,Rain
2024-11-02,Bandung,3878,0,1635,Clear
2024-11-02,Surabaya,3079,1,1514,Rain
2024-11-03,Jakarta,4697,0,2708,Rain
2024-11-03,Bandung,4754,1,1647,Clear
2024-11-03,Surabaya,2972,1,1334,Rain
2024-11-04,Jakarta,4604,0,2711,Cloudy
2024-11-04,Bandung,2423,0,1417,Rain
2024-11-04,Surabaya,2583,0,1500,Cloudy
2024-11-05,Jakarta,5443,0,2047,Clear
2024-11-05,Bandung,2226,0,1720,Rain
2024-11-05,Surabaya,3400,1,1375,Clear
2024-11-06,Jakarta,4997,0,2713,Clear
2024-11-06,Bandung,2951,0,1302,Clear
2024-11-06,Surabaya,3167,0,1253,Clear
2024-11-07,Jakarta,5237,0,2217,Clear
2024-11-07,Bandung,2324,0,1614,Rain
2024-11-07,Surabaya,2488,0,1507,Cloudy
2024-11-08,Jakarta,6224,1,2517,Clear
2024-11-08,Bandung,3363,0,1678,Clear
2024-11-08,Surabaya,2800,0,1304,Clear
2024-11-09,Jakarta,6925,0,2349,Clear
2024-11-09,Bandung,3812,0,1514,Clear
2024-11-09,Surabaya,4373,1,1440,Clear
2024-11-10,Jakarta,8400,1,2433,Clear
2024-11-10,Bandung,4218,0,1571,Clear
2024-11-10,Surabaya,3561,0,1465,Cloudy
2024-11-11,Jakarta,5536,0,2047,Clear
2024-11-11,Bandung,3424,1,1534,Cloudy
2024-11-11,Surabaya,2742,0,1280,Clear
2024-11-12,Jakarta,3923,0,2063,Rain
2024-11-12,Bandung,3829,1,1352,Clear
2024-11-12,Surabaya,3174,0,1533,Clear
2024-11-13,Jakarta,5133,0,2350,Clear
2024-11-13,Bandung,3763,1,1586,Clear
2024-11-13,Surabaya,2983,0,1296,Clear
2024-11-14,Jakarta,5242,0,2630,Clear
2024-11-14,Bandung,3070,0,1637,Clear
2024-11-14,Surabaya,3525,1,1386,Clear
2024-11-15,Jakarta,6023,1,2314,Cloudy
2024-11-15,Bandung,2779,0,1481,Cloudy
2024-11-15,Surabaya,3309,1,1582,Cloudy
2024-11-16,Jakarta,7776,1,2382,Clear
2024-11-16,Bandung,3985,0,1712,Clear
2024-11-16,Surabaya,3017,1,1365,Rain
2024-11-17,Jakarta,4459,0,2516,Rain
2024-11-17,Bandung,4157,0,1456,Clear
2024-11-17,Surabaya,3217,0,1346,Cloudy
2024-11-18,Jakarta,5409,0,2337,Clear
2024-11-18,Bandung,2615,1,1452,Rain
2024-11-18,Surabaya,2908,0,1207,Clear
2024-11-19,Jakarta,5035,0,2441,Clear
2024-11-19,Bandung,3015,0,1706,Clear
2024-11-19,Surabaya,2736,0,1574,Cloudy
2024-11-20,Jakarta,3845,0,2581,Rain
2024-11-20,Bandung,2415,0,1604,Rain
2024-11-20,Surabaya,3109,0,1416,Clear
2024-11-21,Jakarta,5052,0,2698,Clear
2024-11-21,Bandung,2782,0,1506,Cloudy
2024-11-21,Surabaya,2064,0,1206,Rain
2024-11-22,Jakarta,5173,0,2735,Clear
2024-11-22,Bandung,2408,0,1576,Rain
2024-11-22,Surabaya,2578,0,1518,Cloudy
2024-11-23,Jakarta,7358,1,2474,Cloudy
2024-11-23,Bandung,3268,1,1697,Rain
2024-11-23,Surabaya,3238,1,1319,Rain
2024-11-24,Jakarta,7789,1,2163,Clear
2024-11-24,Bandung,2821,0,1312,Rain
2024-11-24,Surabaya,4492,1,1467,Clear
2024-11-25,Jakarta,6652,1,2057,Clear
2024-11-25,Bandung,3647,1,1379,Cloudy
2024-11-25,Surabaya,2481,0,1211,Cloudy
2024-11-26,Jakarta,3877,0,2060,Rain
2024-11-26,Bandung,2924,0,1412,Clear
2024-11-26,Surabaya,2158,0,1598,Rain
2024-11-27,Jakarta,5602,0,2235,Clear
2024-11-27,Bandung,3119,0,1297,Clear
2024-11-27,Surabaya,2561,0,1284,Cloudy
2024-11-28,Jakarta,4745,0,2108,Cloudy
2024-11-28,Bandung,3011,0,1312,Clear
2024-11-28,Surabaya,2547,1,1396,Rain
2024-11-29,Jakarta,4976,0,2421,Clear
2024-11-29,Bandung,2168,0,1617,Rain
2024-11-29,Surabaya,3484,1,1341,Clear
2024-11-30,Jakarta,5640,1,2064,Rain
2024-11-30,Bandung,3311,1,1563,Rain
2024-11-30,Surabaya,3203,0,1314,Cloudy
2024-12-01,Jakarta,8463,1,2524,Clear
2024-12-01,Bandung,2764,0,1453,Rain
2024-12-01,Surabaya,2629,0,1471,Rain
2024-12-02,Jakarta,5781,0,2152,Clear
2024-12-02,Bandung,2961,0,1571,Cloudy
2024-12-02,Surabaya,3338,1,1386,Cloudy
2024-12-03,Jakarta,5417,0,2277,Clear
2024-12-03,Bandung,3616,1,1695,Cloudy
2024-12-03,Surabaya,2518,0,1517,Cloudy
2024-12-04,Jakarta,6310,1,2680,Cloudy
2024-12-04,Bandung,3708,1,1619,Clear
2024-12-04,Surabaya,3527,1,1242,Cloudy
2024-12-05,Jakarta,4010,0,2273,Rain
2024-12-05,Bandung,2368,0,1582,Rain
2024-12-05,Surabaya,3445,1,1512,Clear
2024-12-06,Jakarta,4865,1,2490,Rain
2024-12-06,Bandung,3926,1,1333,Clear
2024-12-06,Surabaya,3192,1,1498,Cloudy
2024-12-07,Jakarta,6665,0,2279,Clear
2024-12-07,Bandung,4461,1,1391,Clear
2024-12-07,Surabaya,2587,0,1420,Rain
2024-12-08,Jakarta,6220,0,2735,Clear
2024-12-08,Bandung,3656,0,1528,Cloudy
2024-12-08,Surabaya,4389,1,1442,Clear
2024-12-09,Jakarta,5042,0,2143,Cloudy
2024-12-09,Bandung,3423,0,1589,Clear
2024-12-09,Surabaya,2339,0,1475,Rain
2024-12-10,Jakarta,6144,1,2235,Clear
2024-12-10,Bandung,2158,0,1542,Rain
2024-12-10,Surabaya,2203,0,1469,Rain
2024-12-11,Jakarta,6776,1,2107,Clear
2024-12-11,Bandung,2879,0,1321,Cloudy
2024-12-11,Surabaya,2009,0,1239,Rain
2024-12-12,Jakarta,3596,0,2223,Rain
2024-12-12,Bandung,3251,0,1705,Clear
2024-12-12,Surabaya,3534,1,1420,Clear
2024-12-13,Jakarta,3647,0,2213,Rain
2024-12-13,Bandung,4162,1,1354,Clear
2024-12-13,Surabaya,3241,0,1556,Clear
2024-12-14,Jakarta,4723,0,2275,Rain
2024-12-14,Bandung,3902,0,1581,Clear
2024-12-14,Surabaya,3800,0,1243,Clear
2024-12-15,Jakarta,5165,0,2582,Rain
2024-12-15,Bandung,3820,0,1553,Clear
2024-12-15,Surabaya,4588,1,1376,Clear
2024-12-16,Jakarta,6283,1,2130,Cloudy
2024-12-16,Bandung,3238,0,1538,Clear
2024-12-16,Surabaya,3652,1,1234,Clear
2024-12-17,Jakarta,6764,1,2499,Clear
2024-12-17,Bandung,3089,0,1585,Clear
2024-12-17,Surabaya,3151,0,1567,Clear
2024-12-18,Jakarta,3987,0,2302,Rain
2024-12-18,Bandung,3895,1,1590,Clear
2024-12-18,Surabaya,2914,0,1198,Clear
2024-12-19,Jakarta,5217,0,2545,Clear
2024-12-19,Bandung,2322,0,1615,Rain
2024-12-19,Surabaya,2820,0,1295,Clear
2024-12-20,Jakarta,3626,0,2312,Rain
2024-12-20,Bandung,3298,0,1347,Clear
2024-12-20,Surabaya,2686,0,1338,Cloudy
2024-12-21,Jakarta,6582,0,2338,Clear
2024-12-21,Bandung,2719,0,1566,Rain
2024-12-21,Surabaya,3660,0,1462,Cloudy
2024-12-22,Jakarta,6790,0,2473,Clear
2024-12-22,Bandung,3952,0,1332,Clear
2024-12-22,Surabaya,3488,0,1277,Clear
2024-12-23,Jakarta,3948,0,2667,Rain
2024-12-23,Bandung,3000,0,1518,Clear
2024-12-23,Surabaya,2112,0,1356,Rain
2024-12-24,Jakarta,6533,1,2351,Clear
2024-12-24,Bandung,3262,0,1614,Clear
2024-12-24,Surabaya,3344,1,1390,Cloudy
2024-12-25,Jakarta,5218,0,2239,Cloudy
2024-12-25,Bandung,3051,0,1711,Clear
2024-12-25,Surabaya,2627,1,1360,Rain
2024-12-26,Jakarta,3888,0,2524,Rain
2024-12-26,Bandung,3150,0,1284,Cloudy
2024-12-26,Surabaya,2826,0,1307,Clear
2024-12-27,Jakarta,4980,0,2314,Clear
2024-12-27,Bandung,2233,0,1447,Rain
2024-12-27,Surabaya,3791,1,1534,Clear
2024-12-28,Jakarta,4917,0,2615,Rain
2024-12-28,Bandung,3713,0,1627,Cloudy
2024-12-28,Surabaya,3816,0,1417,Clear
2024-12-29,Jakarta,6365,0,2451,Clear
2024-12-29,Bandung,4036,0,1618,Clear
2024-12-29,Surabaya,3718,0,1223,Clear
2024-12-30,Jakarta,6318,1,2185,Clear
2024-12-30,Bandung,3208,0,1505,Clear
2024-12-30,Surabaya,3005,0,1251,Clear
2024-12-31,Jakarta,6502,1,2453,Clear
2024-12-31,Bandung,2713,0,1706,Cloudy
2024-12-31,Surabaya,3627,1,1267,Clear
